120875	Joson	ORGANIZATION	17	1	271	1	63	1	29	29	1.4623979979	0.0
31479	Crossness	ORGANIZATION	15	1	271	1	4	1	29	29	1.4623979979	0.0
8496	Associated_Press	ORGANIZATION	5	2	271	1	2	2	29	29	1.16136800223	0.0
149645	Associated_Press	ORGANIZATION	6	2	271	1	2	2	29	29	1.16136800223	0.0
31008	Whale_Research_Program	ORGANIZATION	4	1	271	1	6	1	29	29	1.4623979979	0.0
28661	Greenpeace_Japan	ORGANIZATION	13	1	271	1	18	1	29	29	1.4623979979	0.0
31648	JWA	ORGANIZATION	22	1	271	1	20	1	29	29	1.4623979979	0.0
84170	Government_of_Japan	ORGANIZATION	9	1	271	1	1	1	29	29	1.4623979979	0.0
31648	Fisheries_Agency	ORGANIZATION	12	2	271	1	20	2	29	29	1.16136800223	0.0
29729	Fisheries_Agency	ORGANIZATION	27	2	271	1	24	2	29	29	1.16136800223	0.0
18187	Omega_Protein_Corp.	ORGANIZATION	1	1	271	1	22	1	29	29	1.4623979979	0.0
120875	Philippines_Majority_Leader	ORGANIZATION	73	1	271	1	63	1	29	29	1.4623979979	0.0
120875	Abucay	ORGANIZATION	2	3	271	3	63	1	29	29	4.3871939937	0.0
8453	Reuters	ORGANIZATION	15	1	271	1	10	1	29	29	1.4623979979	0.0
120875	Dolphin_Conservation_Society	ORGANIZATION	83	1	271	1	63	1	29	29	1.4623979979	0.0
31479	BBC_to	ORGANIZATION	12	1	271	1	4	1	29	29	1.4623979979	0.0
120875	PCG	ORGANIZATION	2	1	271	1	63	1	29	29	1.4623979979	0.0
120875	BFAR_Center	ORGANIZATION	44	1	271	1	63	1	29	29	1.4623979979	0.0
30046	Commonwealth	ORGANIZATION	7	1	271	1	3	1	29	29	1.4623979979	0.0
120875	Project_Jonah	ORGANIZATION	95	1	271	1	63	1	29	29	1.4623979979	0.0
31648	Regulation_of_Whaling	ORGANIZATION	23	3	271	1	20	3	29	29	0.985276743179	0.0
31008	Regulation_of_Whaling	ORGANIZATION	4	3	271	1	6	3	29	29	0.985276743179	0.0
28661	Regulation_of_Whaling	ORGANIZATION	15	3	271	1	18	3	29	29	0.985276743179	0.0
25940	IFAW	ORGANIZATION	5	4	271	3	20	2	29	29	3.4841040067	0.0
25940	IFAW	ORGANIZATION	20	4	271	3	20	2	29	29	3.4841040067	0.0
25940	IFAW	ORGANIZATION	25	4	271	3	20	2	29	29	3.4841040067	0.0
43426	IFAW	ORGANIZATION	19	4	271	1	18	2	29	29	1.16136800223	0.0
120875	Aquatic_Resources	ORGANIZATION	3	1	271	1	63	1	29	29	1.4623979979	0.0
149645	United_Press_International	ORGANIZATION	9	1	271	1	2	1	29	29	1.4623979979	0.0
31008	1986_International_Whaling_Commission	ORGANIZATION	3	1	271	1	6	1	29	29	1.4623979979	0.0
120875	Dolphin_Stranding_Scheme	ORGANIZATION	94	1	271	1	63	1	29	29	1.4623979979	0.0
120875	Dolphins	ORGANIZATION	49	1	271	1	63	1	29	29	1.4623979979	0.0
120875	BFAR	ORGANIZATION	30	7	271	7	63	1	29	29	10.2367859853	0.0
120875	BFAR	ORGANIZATION	29	7	271	7	63	1	29	29	10.2367859853	0.0
120875	BFAR	ORGANIZATION	53	7	271	7	63	1	29	29	10.2367859853	0.0
120875	BFAR	ORGANIZATION	44	7	271	7	63	1	29	29	10.2367859853	0.0
120875	BFAR	ORGANIZATION	3	7	271	7	63	1	29	29	10.2367859853	0.0
120875	BFAR	ORGANIZATION	57	7	271	7	63	1	29	29	10.2367859853	0.0
120875	BFAR	ORGANIZATION	37	7	271	7	63	1	29	29	10.2367859853	0.0
88610	National_Oceanic_and_Atmospheric_Administration	ORGANIZATION	1	1	271	1	3	1	29	29	1.4623979979	0.0
120875	Orion	ORGANIZATION	2	1	271	1	63	1	29	29	1.4623979979	0.0
25940	Australian_Government	ORGANIZATION	26	6	271	3	20	4	29	29	2.58101401971	0.0
25940	Australian_Government	ORGANIZATION	20	6	271	3	20	4	29	29	2.58101401971	0.0
29729	Australian_Government	ORGANIZATION	22	6	271	1	24	4	29	29	0.860338006571	0.0
101383	Australian_Government	ORGANIZATION	14	6	271	1	9	4	29	29	0.860338006571	0.0
120875	PHIVOLCS	ORGANIZATION	77	1	271	1	63	1	29	29	1.4623979979	0.0
8453	ABC	ORGANIZATION	18	1	271	1	10	1	29	29	1.4623979979	0.0
7290	Government_Department_of_Conservation_and_Land_Management	ORGANIZATION	6	1	271	1	2	1	29	29	1.4623979979	0.0
31648	Sea_Shepherd	ORGANIZATION	3	16	271	1	20	5	29	29	0.763427993563	0.0
29729	Sea_Shepherd	ORGANIZATION	24	16	271	6	24	5	29	29	4.58056796138	0.0
29729	Sea_Shepherd	ORGANIZATION	33	16	271	6	24	5	29	29	4.58056796138	0.0
29729	Sea_Shepherd	ORGANIZATION	27	16	271	6	24	5	29	29	4.58056796138	0.0
101383	Sea_Shepherd	ORGANIZATION	21	16	271	6	9	5	29	29	4.58056796138	0.0
101383	Sea_Shepherd	ORGANIZATION	7	16	271	6	9	5	29	29	4.58056796138	0.0
101383	Sea_Shepherd	ORGANIZATION	20	16	271	6	9	5	29	29	4.58056796138	0.0
101383	Sea_Shepherd	ORGANIZATION	2	16	271	6	9	5	29	29	4.58056796138	0.0
101383	Sea_Shepherd	ORGANIZATION	18	16	271	6	9	5	29	29	4.58056796138	0.0
163255	Sea_Shepherd	ORGANIZATION	2	16	271	2	7	5	29	29	1.52685598713	0.0
120875	Philippines_Marine_Science_Institute	ORGANIZATION	49	1	271	1	63	1	29	29	1.4623979979	0.0
88610	NOAA	ORGANIZATION	1	1	271	1	3	1	29	29	1.4623979979	0.0
25940	IFAW_Marine	ORGANIZATION	24	1	271	1	20	1	29	29	1.4623979979	0.0
101383	Yushin_Maru_No.	ORGANIZATION	21	1	271	1	9	1	29	29	1.4623979979	0.0
120875	South_China_Sea	ORGANIZATION	74	3	271	3	63	1	29	29	4.3871939937	0.0
120875	South_China_Sea	ORGANIZATION	75	3	271	3	63	1	29	29	4.3871939937	0.0
120875	South_China_Sea	ORGANIZATION	63	3	271	3	63	1	29	29	4.3871939937	0.0
29729	Institute_for_Cetacean_Research	ORGANIZATION	21	1	271	1	24	1	29	29	1.4623979979	0.0
43426	Greenpeace_International	ORGANIZATION	14	1	271	1	18	1	29	29	1.4623979979	0.0
120875	MRI	ORGANIZATION	39	1	271	1	63	1	29	29	1.4623979979	0.0
120875	WDCS	ORGANIZATION	83	1	271	1	63	1	29	29	1.4623979979	0.0
120875	International_Union_for_Conservation_of_Nature	ORGANIZATION	111	2	271	2	63	1	29	29	2.9247959958	0.0
120875	International_Union_for_Conservation_of_Nature	ORGANIZATION	75	2	271	2	63	1	29	29	2.9247959958	0.0
48098	Marseille	ORGANIZATION	5	3	271	3	10	1	29	29	4.3871939937	0.0
48098	Marseille	ORGANIZATION	1	3	271	3	10	1	29	29	4.3871939937	0.0
48098	Marseille	ORGANIZATION	6	3	271	3	10	1	29	29	4.3871939937	0.0
120875	Ocean_Adventure	ORGANIZATION	21	3	271	3	63	1	29	29	4.3871939937	0.0
120875	Ocean_Adventure	ORGANIZATION	37	3	271	3	63	1	29	29	4.3871939937	0.0
120875	Philippines_Bureau_of_Fisheries	ORGANIZATION	3	1	271	1	63	1	29	29	1.4623979979	0.0
25940	Habitat	ORGANIZATION	5	1	271	1	20	1	29	29	1.4623979979	0.0
120875	Fisheries_Resource_and_Management_Division	ORGANIZATION	37	1	271	1	63	1	29	29	1.4623979979	0.0
48098	Rainbow_Warrior_II	ORGANIZATION	1	4	271	4	10	1	29	29	5.8495919916	0.0
48098	Rainbow_Warrior_II	ORGANIZATION	6	4	271	4	10	1	29	29	5.8495919916	0.0
48098	Rainbow_Warrior_II	ORGANIZATION	3	4	271	4	10	1	29	29	5.8495919916	0.0
48098	Rainbow_Warrior_II	ORGANIZATION	6	4	271	4	10	1	29	29	5.8495919916	0.0
25940	International_Fund_for_Animal_Welfare	ORGANIZATION	19	4	271	2	20	3	29	29	1.97055348636	0.0
25940	International_Fund_for_Animal_Welfare	ORGANIZATION	5	4	271	2	20	3	29	29	1.97055348636	0.0
31008	International_Fund_for_Animal_Welfare	ORGANIZATION	6	4	271	1	6	3	29	29	0.985276743179	0.0
43426	International_Fund_for_Animal_Welfare	ORGANIZATION	19	4	271	1	18	3	29	29	0.985276743179	0.0
139305	Zoological_Society_of_London	ORGANIZATION	7	1	271	1	1	1	29	29	1.4623979979	0.0
120875	DENR	ORGANIZATION	38	1	271	1	63	1	29	29	1.4623979979	0.0
120875	PMMSN	ORGANIZATION	29	2	271	2	63	1	29	29	2.9247959958	0.0
120875	PMMSN	ORGANIZATION	30	2	271	2	63	1	29	29	2.9247959958	0.0
120875	Manila_Bay	ORGANIZATION	70	4	271	4	63	1	29	29	5.8495919916	0.0
25940	Nature	ORGANIZATION	13	1	271	1	20	1	29	29	1.4623979979	0.0
120875	Columbia_University	ORGANIZATION	74	1	271	1	63	1	29	29	1.4623979979	0.0
31462	BBC	ORGANIZATION	6	1	271	1	2	1	29	29	1.4623979979	0.0
120875	UPIESM	ORGANIZATION	29	1	271	1	63	1	29	29	1.4623979979	0.0
31392	Thames	ORGANIZATION	1	5	271	2	3	3	29	29	1.97055348636	0.0
31392	Thames	ORGANIZATION	2	5	271	2	3	3	29	29	1.97055348636	0.0
31479	Thames	ORGANIZATION	13	5	271	2	4	3	29	29	1.97055348636	0.0
120875	Philippine_Coast_Guard	ORGANIZATION	2	2	271	2	63	1	29	29	2.9247959958	0.0
120875	Philippine_Coast_Guard	ORGANIZATION	4	2	271	2	63	1	29	29	2.9247959958	0.0
18187	Omega_Protein_Corporation	ORGANIZATION	5	1	271	1	22	1	29	29	1.4623979979	0.0
29729	Sea	ORGANIZATION	14	1	271	1	24	1	29	29	1.4623979979	0.0
29729	MV_Esperanza	ORGANIZATION	4	1	271	1	24	1	29	29	1.4623979979	0.0
25940	JARPA_II	ORGANIZATION	25	1	271	1	20	1	29	29	1.4623979979	0.0
29729	Sea_Shepherd_and_Greenpeace	ORGANIZATION	34	1	271	1	24	1	29	29	1.4623979979	0.0
28661	Japanese_Institute_of_Cetacean_Research	ORGANIZATION	15	1	271	1	18	1	29	29	1.4623979979	0.0
31550	Northern_Bottlenose	ORGANIZATION	1	1	271	1	1	1	29	29	1.4623979979	0.0
18187	Omega	ORGANIZATION	2	9	271	9	22	1	29	29	13.1615819811	0.0
18187	Omega	ORGANIZATION	7	9	271	9	22	1	29	29	13.1615819811	0.0
18187	Omega	ORGANIZATION	22	9	271	9	22	1	29	29	13.1615819811	0.0
18187	Omega	ORGANIZATION	25	9	271	9	22	1	29	29	13.1615819811	0.0
18187	Omega	ORGANIZATION	17	9	271	9	22	1	29	29	13.1615819811	0.0
18187	Omega	ORGANIZATION	7	9	271	9	22	1	29	29	13.1615819811	0.0
29729	Antarctic_Treaty	ORGANIZATION	30	1	271	1	24	1	29	29	1.4623979979	0.0
31648	Zodiac	ORGANIZATION	13	1	271	1	20	1	29	29	1.4623979979	0.0
18187	Department_of_Natural_Resources	ORGANIZATION	14	1	271	1	22	1	29	29	1.4623979979	0.0
18187	Atlantic_Menhaden	ORGANIZATION	16	2	271	2	22	1	29	29	2.9247959958	0.0
32104	International_Ship_and_Port_Facility_Security_Code	ORGANIZATION	12	1	271	1	8	1	29	29	1.4623979979	0.0
120875	Wildlife_Bureau	ORGANIZATION	38	1	271	1	63	1	29	29	1.4623979979	0.0
31648	IWC	ORGANIZATION	24	13	271	1	20	4	29	29	0.860338006571	0.0
12184	IWC	ORGANIZATION	4	13	271	1	2	4	29	29	0.860338006571	0.0
31008	IWC	ORGANIZATION	3	13	271	1	6	4	29	29	0.860338006571	0.0
43426	IWC	ORGANIZATION	6	13	271	10	18	4	29	29	8.60338006571	0.0
43426	IWC	ORGANIZATION	5	13	271	10	18	4	29	29	8.60338006571	0.0
43426	IWC	ORGANIZATION	22	13	271	10	18	4	29	29	8.60338006571	0.0
43426	IWC	ORGANIZATION	3	13	271	10	18	4	29	29	8.60338006571	0.0
43426	IWC	ORGANIZATION	14	13	271	10	18	4	29	29	8.60338006571	0.0
43426	IWC	ORGANIZATION	4	13	271	10	18	4	29	29	8.60338006571	0.0
43426	IWC	ORGANIZATION	16	13	271	10	18	4	29	29	8.60338006571	0.0
43426	IWC	ORGANIZATION	22	13	271	10	18	4	29	29	8.60338006571	0.0
43426	IWC	ORGANIZATION	21	13	271	10	18	4	29	29	8.60338006571	0.0
43426	IWC	ORGANIZATION	12	13	271	10	18	4	29	29	8.60338006571	0.0
120875	BFAR_Region	ORGANIZATION	37	1	271	1	63	1	29	29	1.4623979979	0.0
88610	Mote_Marine_Laboratory	ORGANIZATION	1	1	271	1	3	1	29	29	1.4623979979	0.0
25940	United_Nations_World_Charter	ORGANIZATION	13	1	271	1	20	1	29	29	1.4623979979	0.0
31648	Japan_Whaling_Association	ORGANIZATION	22	2	271	1	20	2	29	29	1.16136800223	0.0
28687	Japan_Whaling_Association	ORGANIZATION	10	2	271	1	4	2	29	29	1.16136800223	0.0
32104	Maritime_Safety_Authority	ORGANIZATION	3	1	271	1	8	1	29	29	1.4623979979	0.0
120875	Tropical_Environmental_Studies	ORGANIZATION	25	1	271	1	63	1	29	29	1.4623979979	0.0
32104	International_Maritime_Organization	ORGANIZATION	8	1	271	1	8	1	29	29	1.4623979979	0.0
28661	Kyodo_Senpaku	ORGANIZATION	4	1	271	1	18	1	29	29	1.4623979979	0.0
7290	ABC_News	ORGANIZATION	7	2	271	1	2	2	29	29	1.16136800223	0.0
101383	ABC_News	ORGANIZATION	15	2	271	1	9	2	29	29	1.16136800223	0.0
28661	MY_Arctic_Sunrise	ORGANIZATION	2	1	271	1	18	1	29	29	1.4623979979	0.0
32104	SAMSA	ORGANIZATION	3	4	271	4	8	1	29	29	5.8495919916	0.0
32104	SAMSA	ORGANIZATION	5	4	271	4	8	1	29	29	5.8495919916	0.0
32104	SAMSA	ORGANIZATION	11	4	271	4	8	1	29	29	5.8495919916	0.0
18187	Atlantic_States_Marine_Fisheries_Commission	ORGANIZATION	15	1	271	1	22	1	29	29	1.4623979979	0.0
31648	Arctic_Sunrise_and_Esperanza	ORGANIZATION	2	1	271	1	20	1	29	29	1.4623979979	0.0
31648	Greenpeace_New_Zealand	ORGANIZATION	6	1	271	1	20	1	29	29	1.4623979979	0.0
8453	MOU	ORGANIZATION	9	2	271	2	10	1	29	29	2.9247959958	0.0
8453	MOU	ORGANIZATION	11	2	271	2	10	1	29	29	2.9247959958	0.0
25940	International_Tribunal	ORGANIZATION	9	1	271	1	20	1	29	29	1.4623979979	0.0
31648	Greenpeace	ORGANIZATION	11	45	271	7	20	11	29	29	2.94703718919	0.0
31648	Greenpeace	ORGANIZATION	21	45	271	7	20	11	29	29	2.94703718919	0.0
31648	Greenpeace	ORGANIZATION	16	45	271	7	20	11	29	29	2.94703718919	0.0
31648	Greenpeace	ORGANIZATION	5	45	271	7	20	11	29	29	2.94703718919	0.0
31648	Greenpeace	ORGANIZATION	12	45	271	7	20	11	29	29	2.94703718919	0.0
31648	Greenpeace	ORGANIZATION	18	45	271	7	20	11	29	29	2.94703718919	0.0
31648	Greenpeace	ORGANIZATION	2	45	271	7	20	11	29	29	2.94703718919	0.0
25940	Greenpeace	ORGANIZATION	7	45	271	1	20	11	29	29	0.421005312741	0.0
28687	Greenpeace	ORGANIZATION	5	45	271	3	4	11	29	29	1.26301593822	0.0
28687	Greenpeace	ORGANIZATION	7	45	271	3	4	11	29	29	1.26301593822	0.0
28687	Greenpeace	ORGANIZATION	3	45	271	3	4	11	29	29	1.26301593822	0.0
29729	Greenpeace	ORGANIZATION	31	45	271	13	24	11	29	29	5.47306906563	0.0
29729	Greenpeace	ORGANIZATION	14	45	271	13	24	11	29	29	5.47306906563	0.0
29729	Greenpeace	ORGANIZATION	33	45	271	13	24	11	29	29	5.47306906563	0.0
29729	Greenpeace	ORGANIZATION	30	45	271	13	24	11	29	29	5.47306906563	0.0
29729	Greenpeace	ORGANIZATION	6	45	271	13	24	11	29	29	5.47306906563	0.0
29729	Greenpeace	ORGANIZATION	15	45	271	13	24	11	29	29	5.47306906563	0.0
29729	Greenpeace	ORGANIZATION	1	45	271	13	24	11	29	29	5.47306906563	0.0
29729	Greenpeace	ORGANIZATION	8	45	271	13	24	11	29	29	5.47306906563	0.0
29729	Greenpeace	ORGANIZATION	7	45	271	13	24	11	29	29	5.47306906563	0.0
29729	Greenpeace	ORGANIZATION	4	45	271	13	24	11	29	29	5.47306906563	0.0
29729	Greenpeace	ORGANIZATION	11	45	271	13	24	11	29	29	5.47306906563	0.0
29729	Greenpeace	ORGANIZATION	35	45	271	13	24	11	29	29	5.47306906563	0.0
29729	Greenpeace	ORGANIZATION	16	45	271	13	24	11	29	29	5.47306906563	0.0
87842	Greenpeace	ORGANIZATION	4	45	271	1	3	11	29	29	0.421005312741	0.0
18187	Greenpeace	ORGANIZATION	1	45	271	4	22	11	29	29	1.68402125096	0.0
18187	Greenpeace	ORGANIZATION	7	45	271	4	22	11	29	29	1.68402125096	0.0
18187	Greenpeace	ORGANIZATION	13	45	271	4	22	11	29	29	1.68402125096	0.0
18187	Greenpeace	ORGANIZATION	3	45	271	4	22	11	29	29	1.68402125096	0.0
31008	Greenpeace	ORGANIZATION	2	45	271	1	6	11	29	29	0.421005312741	0.0
8496	Greenpeace	ORGANIZATION	4	45	271	1	2	11	29	29	0.421005312741	0.0
43426	Greenpeace	ORGANIZATION	13	45	271	3	18	11	29	29	1.26301593822	0.0
43426	Greenpeace	ORGANIZATION	17	45	271	3	18	11	29	29	1.26301593822	0.0
43426	Greenpeace	ORGANIZATION	14	45	271	3	18	11	29	29	1.26301593822	0.0
48098	Greenpeace	ORGANIZATION	4	45	271	3	10	11	29	29	1.26301593822	0.0
48098	Greenpeace	ORGANIZATION	1	45	271	3	10	11	29	29	1.26301593822	0.0
48098	Greenpeace	ORGANIZATION	2	45	271	3	10	11	29	29	1.26301593822	0.0
28661	Greenpeace	ORGANIZATION	8	45	271	8	18	11	29	29	3.36804250193	0.0
28661	Greenpeace	ORGANIZATION	9	45	271	8	18	11	29	29	3.36804250193	0.0
28661	Greenpeace	ORGANIZATION	10	45	271	8	18	11	29	29	3.36804250193	0.0
28661	Greenpeace	ORGANIZATION	1	45	271	8	18	11	29	29	3.36804250193	0.0
28661	Greenpeace	ORGANIZATION	2	45	271	8	18	11	29	29	3.36804250193	0.0
28661	Greenpeace	ORGANIZATION	6	45	271	8	18	11	29	29	3.36804250193	0.0
28661	Greenpeace	ORGANIZATION	22	45	271	8	18	11	29	29	3.36804250193	0.0
28661	Greenpeace	ORGANIZATION	17	45	271	8	18	11	29	29	3.36804250193	0.0
18187	Board	ORGANIZATION	19	1	271	1	22	1	29	29	1.4623979979	0.0
8453	ABC_Radio	ORGANIZATION	12	4	271	3	10	2	29	29	3.4841040067	0.0
8453	ABC_Radio	ORGANIZATION	2	4	271	3	10	2	29	29	3.4841040067	0.0
8453	ABC_Radio	ORGANIZATION	17	4	271	3	10	2	29	29	3.4841040067	0.0
101383	ABC_Radio	ORGANIZATION	10	4	271	1	9	2	29	29	1.16136800223	0.0
120875	Philippine_Institute_of_Volcanology_and_Seismology	ORGANIZATION	77	1	271	1	63	1	29	29	1.4623979979	0.0
120875	PAWB	ORGANIZATION	38	1	271	1	63	1	29	29	1.4623979979	0.0
120875	Seaquake_Theory	ORGANIZATION	90	1	271	1	63	1	29	29	1.4623979979	0.0
18187	The_Coast_Guard	ORGANIZATION	4	1	271	1	22	1	29	29	1.4623979979	0.0
120875	Lamont-Doherty_Earth_Observatory	ORGANIZATION	74	1	271	1	63	1	29	29	1.4623979979	0.0
120875	Ocean_Adventure_Marine_Park	ORGANIZATION	29	1	271	1	63	1	29	29	1.4623979979	0.0
28661	Arctic_Sunrise	ORGANIZATION	13	1	271	1	18	1	29	29	1.4623979979	0.0
25940	International_Whaling_Commission	ORGANIZATION	16	5	271	1	20	5	29	29	0.763427993563	0.0
12184	International_Whaling_Commission	ORGANIZATION	1	5	271	1	2	5	29	29	0.763427993563	0.0
87842	International_Whaling_Commission	ORGANIZATION	10	5	271	1	3	5	29	29	0.763427993563	0.0
43426	International_Whaling_Commission	ORGANIZATION	1	5	271	1	18	5	29	29	0.763427993563	0.0
28661	International_Whaling_Commission	ORGANIZATION	14	5	271	1	18	5	29	29	0.763427993563	0.0
120875	Senate	ORGANIZATION	73	1	271	1	63	1	29	29	1.4623979979	0.0
120875	Jr.	ORGANIZATION	78	1	271	1	63	1	29	29	1.4623979979	0.0
120875	Worldwide_Fund_for_Nature	ORGANIZATION	98	1	271	1	63	1	29	29	1.4623979979	0.0
18187	ASMFC	ORGANIZATION	15	3	271	3	22	1	29	29	4.3871939937	0.0
18187	ASMFC	ORGANIZATION	18	3	271	3	22	1	29	29	4.3871939937	0.0
18187	ASMFC	ORGANIZATION	22	3	271	3	22	1	29	29	4.3871939937	0.0
120875	Rosario	ORGANIZATION	48	1	271	1	63	1	29	29	1.4623979979	0.0
29729	MV_Arctic_Sunrise	ORGANIZATION	4	1	271	1	24	1	29	29	1.4623979979	0.0
120875	Marine_Mammal_Protection_Act	ORGANIZATION	108	1	271	1	63	1	29	29	1.4623979979	0.0
120875	Department_of_Environment_and_Natural_Resources_Secretary	ORGANIZATION	78	1	271	1	63	1	29	29	1.4623979979	0.0
163255	Japanese_Coast_Guard	ORGANIZATION	1	1	271	1	7	1	29	29	1.4623979979	0.0
120875	IUCN	ORGANIZATION	111	2	271	2	63	1	29	29	2.9247959958	0.0
120875	IUCN	ORGANIZATION	114	2	271	2	63	1	29	29	2.9247959958	0.0
163255	Shonan_Maru	ORGANIZATION	2	1	271	1	7	1	29	29	1.4623979979	0.0
43426	Commission	ORGANIZATION	19	1	271	1	18	1	29	29	1.4623979979	0.0
28661	Antarctic_Whale_Sanctuary	ORGANIZATION	21	1	271	1	18	1	29	29	1.4623979979	0.0
123451	DEC	ORGANIZATION	7	1	271	1	2	1	29	29	1.4623979979	0.0
163255	Coast_Guard	ORGANIZATION	3	1	271	1	7	1	29	29	1.4623979979	0.0
31479	British_Divers_Marine_Life_Rescue	ORGANIZATION	11	1	271	1	4	1	29	29	1.4623979979	0.0
32104	ISPS_Code	ORGANIZATION	8	1	271	1	8	1	29	29	1.4623979979	0.0
123451	Australian_Department_of_Environment_and_Conservation	ORGANIZATION	3	1	271	1	2	1	29	29	1.4623979979	0.0
120875	Pygmy_Killer_Whale_and_Pilot_Whale	ORGANIZATION	100	1	271	1	63	1	29	29	1.4623979979	0.0
25940	Southern_Ocean_Whale_Sanctuary	ORGANIZATION	11	2	271	1	20	2	29	29	1.16136800223	0.0
28661	Southern_Ocean_Whale_Sanctuary	ORGANIZATION	13	2	271	1	18	2	29	29	1.16136800223	0.0
25940	Law_of_the_Sea	ORGANIZATION	9	1	271	1	20	1	29	29	1.4623979979	0.0
25940	Sea_Shepherd_Conservation_Society	ORGANIZATION	11	5	271	1	20	3	29	29	0.985276743179	0.0
163255	Sea_Shepherd_Conservation_Society	ORGANIZATION	7	5	271	3	7	3	29	29	2.95583022954	0.0
163255	Sea_Shepherd_Conservation_Society	ORGANIZATION	4	5	271	3	7	3	29	29	2.95583022954	0.0
163255	Sea_Shepherd_Conservation_Society	ORGANIZATION	1	5	271	3	7	3	29	29	2.95583022954	0.0
32104	Sea_Shepherd_Conservation_Society	ORGANIZATION	2	5	271	1	8	3	29	29	0.985276743179	0.0
120875	UK_Whale	ORGANIZATION	94	1	271	1	63	1	29	29	1.4623979979	0.0
120875	L-DEO	ORGANIZATION	74	1	271	1	63	1	29	29	1.4623979979	0.0
18187	Chesapeake_Bay_Foundation	ORGANIZATION	26	2	271	2	22	1	29	29	2.9247959958	0.0
18187	Chesapeake_Bay_Foundation	ORGANIZATION	14	2	271	2	22	1	29	29	2.9247959958	0.0
31648	Institute_of_Cetacean_Research	ORGANIZATION	23	3	271	2	20	2	29	29	2.32273600447	0.0
31648	Institute_of_Cetacean_Research	ORGANIZATION	16	3	271	2	20	2	29	29	2.32273600447	0.0
28661	Institute_of_Cetacean_Research	ORGANIZATION	16	3	271	1	18	2	29	29	1.16136800223	0.0
31648	Southern_Ocean	ORGANIZATION	11	19	271	4	20	10	29	29	1.8495919916	0.0
25940	Trade_in_Endangered_Species_of_Flora	ORGANIZATION	17	1	271	1	20	1	29	29	1.4623979979	0.0
31392	Chelsea	ORGANIZATION	2	2	271	1	3	2	29	29	1.16136800223	0.0
31462	Chelsea	ORGANIZATION	3	2	271	1	2	2	29	29	1.16136800223	0.0
120875	Philippine_Marine_Mammals_Stranding_Network	ORGANIZATION	29	1	271	1	63	1	29	29	1.4623979979	0.0
8453	Federal_Government	ORGANIZATION	17	1	271	1	10	1	29	29	1.4623979979	0.0
30046	WA_Fisheries_Department	ORGANIZATION	6	1	271	1	3	1	29	29	1.4623979979	0.0
87842	Greenpeace_Australia	ORGANIZATION	7	1	271	1	3	1	29	29	1.4623979979	0.0
120875	Department_of_Environment_and_Natural_Resources	ORGANIZATION	38	1	271	1	63	1	29	29	1.4623979979	0.0
30046	Western_Australia	ORGANIZATION	1	3	271	2	3	2	29	29	2.32273600447	0.0
120875	UP_Institute_of_Environmental_Science_and_Meteorology	ORGANIZATION	24	1	271	1	63	1	29	29	1.4623979979	0.0
120875	Pawikan_Conservation_Project	ORGANIZATION	43	1	271	1	63	1	29	29	1.4623979979	0.0
8453	AM	ORGANIZATION	12	1	271	1	10	1	29	29	1.4623979979	0.0
120875	Fisheries_Bureau	ORGANIZATION	72	1	271	1	63	1	29	29	1.4623979979	0.0
58447	Sea_King-helicopter	ORGANIZATION	4	1	271	1	1	1	29	29	1.4623979979	0.0
25940	Green_Party	ORGANIZATION	8	1	271	1	20	1	29	29	1.4623979979	0.0
31648	ICR	ORGANIZATION	23	2	271	2	20	1	29	29	2.9247959958	0.0
8453	Northern_Territory_Fisheries	ORGANIZATION	17	1	271	1	10	1	29	29	1.4623979979	0.0
29729	Washington-based	MISC	14	1	164	1	14	1	24	29	1.4623979979	1.15061458662
32104	Canadian	MISC	4	7	164	7	11	1	24	29	10.2367859853	0.904054318061
32104	Canadian	MISC	10	7	164	7	11	1	24	29	10.2367859853	0.904054318061
32104	Canadian	MISC	7	7	164	7	11	1	24	29	10.2367859853	0.904054318061
32104	Canadian	MISC	1	7	164	7	11	1	24	29	10.2367859853	0.904054318061
32104	Canadian	MISC	14	7	164	7	11	1	24	29	10.2367859853	0.904054318061
32104	Canadian	MISC	9	7	164	7	11	1	24	29	10.2367859853	0.904054318061
32104	Canadian	MISC	9	7	164	7	11	1	24	29	10.2367859853	0.904054318061
101383	News_Limited	MISC	6	1	164	1	22	1	24	29	1.4623979979	1.80810863612
123451	West_Australian	MISC	10	1	164	1	2	1	24	29	1.4623979979	0.164373512375
120875	Melon-headed	MISC	104	2	164	2	15	1	24	29	2.9247959958	1.23280134281
120875	Melon-headed	MISC	99	2	164	2	15	1	24	29	2.9247959958	1.23280134281
101383	Australian_Embassy	MISC	13	1	164	1	22	1	24	29	1.4623979979	1.80810863612
31008	Minke	MISC	5	3	164	1	8	3	24	29	0.985276743179	0.657494049499
123451	Hamelin_Bay	MISC	2	1	164	1	2	1	24	29	1.4623979979	0.164373512375
25940	Sea_Shepherds	MISC	12	1	164	1	16	1	24	29	1.4623979979	1.314988099
28687	Australian_Government	MISC	6	6	164	1	3	4	24	29	0.860338006571	0.246560268562
25940	Australian_Government	MISC	24	6	164	3	16	4	24	29	2.58101401971	1.314988099
32104	Dutch	MISC	10	1	164	1	11	1	24	29	1.4623979979	0.904054318061
18187	Draft_Addendum	MISC	19	1	164	1	2	1	24	29	1.4623979979	0.164373512375
8453	Australian	MISC	4	19	164	5	14	8	24	29	2.79654005454	1.15061458662
8453	Australian	MISC	12	19	164	5	14	8	24	29	2.79654005454	1.15061458662
8453	Australian	MISC	9	19	164	5	14	8	24	29	2.79654005454	1.15061458662
8453	Australian	MISC	1	19	164	5	14	8	24	29	2.79654005454	1.15061458662
8453	Australian	MISC	10	19	164	5	14	8	24	29	2.79654005454	1.15061458662
28687	Australian	MISC	3	19	164	1	3	8	24	29	0.559308010907	0.246560268562
25940	Australian	MISC	9	19	164	3	16	8	24	29	1.67792403272	1.314988099
25940	Australian	MISC	3	19	164	3	16	8	24	29	1.67792403272	1.314988099
25940	Australian	MISC	18	19	164	3	16	8	24	29	1.67792403272	1.314988099
7290	Australian	MISC	6	19	164	2	2	8	24	29	1.11861602181	0.164373512375
7290	Australian	MISC	8	19	164	2	2	8	24	29	1.11861602181	0.164373512375
87842	Australian	MISC	8	19	164	2	12	8	24	29	1.11861602181	0.986241074248
87842	Australian	MISC	13	19	164	2	12	8	24	29	1.11861602181	0.986241074248
29729	Australian	MISC	23	19	164	1	14	8	24	29	0.559308010907	1.15061458662
30046	Australian	MISC	15	19	164	2	4	8	24	29	1.11861602181	0.328747024749
30046	Australian	MISC	14	19	164	2	4	8	24	29	1.11861602181	0.328747024749
101383	Australian	MISC	12	19	164	3	22	8	24	29	1.67792403272	1.80810863612
101383	Australian	MISC	12	19	164	3	22	8	24	29	1.67792403272	1.80810863612
101383	Australian	MISC	4	19	164	3	22	8	24	29	1.67792403272	1.80810863612
28661	MY_Esperanza	MISC	2	1	164	1	8	1	24	29	1.4623979979	0.657494049499
31550	Londoners	MISC	6	1	164	1	3	1	24	29	1.4623979979	0.246560268562
31479	British	MISC	13	4	164	2	3	3	24	29	1.97055348636	0.246560268562
31479	British	MISC	7	4	164	2	3	3	24	29	1.97055348636	0.246560268562
31550	British	MISC	2	4	164	1	3	3	24	29	0.985276743179	0.246560268562
29729	British	MISC	33	4	164	1	14	3	24	29	0.985276743179	1.15061458662
25940	Sea_Shepherd	MISC	15	16	164	1	16	5	24	29	0.763427993563	1.314988099
29729	Sea_Shepherd	MISC	15	16	164	6	14	5	24	29	4.58056796138	1.15061458662
28687	Japanese	MISC	1	56	164	1	3	13	24	29	0.348454645592	0.246560268562
163255	Japanese	MISC	2	56	164	5	5	13	24	29	1.74227322796	0.410933780937
163255	Japanese	MISC	5	56	164	5	5	13	24	29	1.74227322796	0.410933780937
163255	Japanese	MISC	1	56	164	5	5	13	24	29	1.74227322796	0.410933780937
163255	Japanese	MISC	2	56	164	5	5	13	24	29	1.74227322796	0.410933780937
163255	Japanese	MISC	3	56	164	5	5	13	24	29	1.74227322796	0.410933780937
25940	Japanese	MISC	11	56	164	8	16	13	24	29	2.78763716474	1.314988099
25940	Japanese	MISC	14	56	164	8	16	13	24	29	2.78763716474	1.314988099
25940	Japanese	MISC	25	56	164	8	16	13	24	29	2.78763716474	1.314988099
25940	Japanese	MISC	7	56	164	8	16	13	24	29	2.78763716474	1.314988099
25940	Japanese	MISC	12	56	164	8	16	13	24	29	2.78763716474	1.314988099
25940	Japanese	MISC	1	56	164	8	16	13	24	29	2.78763716474	1.314988099
25940	Japanese	MISC	15	56	164	8	16	13	24	29	2.78763716474	1.314988099
25940	Japanese	MISC	6	56	164	8	16	13	24	29	2.78763716474	1.314988099
84170	Japanese	MISC	1	56	164	1	1	13	24	29	0.348454645592	0.0821867561874
43426	Japanese	MISC	21	56	164	2	2	13	24	29	0.696909291184	0.164373512375
43426	Japanese	MISC	5	56	164	2	2	13	24	29	0.696909291184	0.164373512375
87842	Japanese	MISC	4	56	164	8	12	13	24	29	2.78763716474	0.986241074248
87842	Japanese	MISC	6	56	164	8	12	13	24	29	2.78763716474	0.986241074248
87842	Japanese	MISC	6	56	164	8	12	13	24	29	2.78763716474	0.986241074248
87842	Japanese	MISC	10	56	164	8	12	13	24	29	2.78763716474	0.986241074248
87842	Japanese	MISC	9	56	164	8	12	13	24	29	2.78763716474	0.986241074248
87842	Japanese	MISC	13	56	164	8	12	13	24	29	2.78763716474	0.986241074248
87842	Japanese	MISC	2	56	164	8	12	13	24	29	2.78763716474	0.986241074248
87842	Japanese	MISC	3	56	164	8	12	13	24	29	2.78763716474	0.986241074248
29729	Japanese	MISC	22	56	164	6	14	13	24	29	2.09072787355	1.15061458662
29729	Japanese	MISC	1	56	164	6	14	13	24	29	2.09072787355	1.15061458662
29729	Japanese	MISC	21	56	164	6	14	13	24	29	2.09072787355	1.15061458662
29729	Japanese	MISC	13	56	164	6	14	13	24	29	2.09072787355	1.15061458662
29729	Japanese	MISC	5	56	164	6	14	13	24	29	2.09072787355	1.15061458662
29729	Japanese	MISC	26	56	164	6	14	13	24	29	2.09072787355	1.15061458662
28661	Japanese	MISC	9	56	164	5	8	13	24	29	1.74227322796	0.657494049499
28661	Japanese	MISC	10	56	164	5	8	13	24	29	1.74227322796	0.657494049499
28661	Japanese	MISC	2	56	164	5	8	13	24	29	1.74227322796	0.657494049499
28661	Japanese	MISC	21	56	164	5	8	13	24	29	1.74227322796	0.657494049499
28661	Japanese	MISC	3	56	164	5	8	13	24	29	1.74227322796	0.657494049499
31648	Japanese	MISC	6	56	164	5	9	13	24	29	1.74227322796	0.739680805686
31648	Japanese	MISC	1	56	164	5	9	13	24	29	1.74227322796	0.739680805686
31648	Japanese	MISC	14	56	164	5	9	13	24	29	1.74227322796	0.739680805686
31648	Japanese	MISC	4	56	164	5	9	13	24	29	1.74227322796	0.739680805686
31648	Japanese	MISC	17	56	164	5	9	13	24	29	1.74227322796	0.739680805686
32104	Japanese	MISC	1	56	164	1	11	13	24	29	0.348454645592	0.904054318061
31008	Japanese	MISC	2	56	164	2	8	13	24	29	0.696909291184	0.657494049499
31008	Japanese	MISC	4	56	164	2	8	13	24	29	0.696909291184	0.657494049499
12184	Japanese	MISC	2	56	164	1	2	13	24	29	0.348454645592	0.164373512375
101383	Japanese	MISC	16	56	164	11	22	13	24	29	3.83300110151	1.80810863612
101383	Japanese	MISC	10	56	164	11	22	13	24	29	3.83300110151	1.80810863612
101383	Japanese	MISC	15	56	164	11	22	13	24	29	3.83300110151	1.80810863612
101383	Japanese	MISC	20	56	164	11	22	13	24	29	3.83300110151	1.80810863612
101383	Japanese	MISC	1	56	164	11	22	13	24	29	3.83300110151	1.80810863612
101383	Japanese	MISC	11	56	164	11	22	13	24	29	3.83300110151	1.80810863612
101383	Japanese	MISC	12	56	164	11	22	13	24	29	3.83300110151	1.80810863612
101383	Japanese	MISC	21	56	164	11	22	13	24	29	3.83300110151	1.80810863612
101383	Japanese	MISC	12	56	164	11	22	13	24	29	3.83300110151	1.80810863612
101383	Japanese	MISC	18	56	164	11	22	13	24	29	3.83300110151	1.80810863612
101383	Japanese	MISC	12	56	164	11	22	13	24	29	3.83300110151	1.80810863612
120875	Kauai	MISC	109	1	164	1	15	1	24	29	1.4623979979	1.23280134281
101383	Nisshin_Maru	MISC	13	5	164	5	22	1	24	29	7.31198998949	1.80810863612
101383	Nisshin_Maru	MISC	17	5	164	5	22	1	24	29	7.31198998949	1.80810863612
101383	Nisshin_Maru	MISC	22	5	164	5	22	1	24	29	7.31198998949	1.80810863612
101383	Nisshin_Maru	MISC	9	5	164	5	22	1	24	29	7.31198998949	1.80810863612
101383	Nisshin_Maru	MISC	20	5	164	5	22	1	24	29	7.31198998949	1.80810863612
32104	South_African	MISC	1	1	164	1	11	1	24	29	1.4623979979	0.904054318061
120875	Red_List	MISC	111	1	164	1	15	1	24	29	1.4623979979	1.23280134281
58447	Norwegian	MISC	1	2	164	2	4	1	24	29	2.9247959958	0.328747024749
58447	Norwegian	MISC	1	2	164	2	4	1	24	29	2.9247959958	0.328747024749
31008	Article	MISC	4	1	164	1	8	1	24	29	1.4623979979	0.657494049499
87842	Antarctic	MISC	3	5	164	1	12	4	24	29	0.860338006571	0.986241074248
29729	Antarctic	MISC	32	5	164	2	14	4	24	29	1.72067601314	1.15061458662
29729	Antarctic	MISC	28	5	164	2	14	4	24	29	1.72067601314	1.15061458662
28661	Antarctic	MISC	2	5	164	1	8	4	24	29	0.860338006571	0.657494049499
31008	Antarctic	MISC	4	5	164	1	8	4	24	29	0.860338006571	0.657494049499
29729	Australian_Antarctic_Territory	MISC	1	1	164	1	14	1	24	29	1.4623979979	1.15061458662
31648	Greenpeace_Southern_Ocean	MISC	8	1	164	1	9	1	24	29	1.4623979979	0.739680805686
101383	Oceanic_Viking	MISC	24	1	164	1	22	1	24	29	1.4623979979	1.80810863612
28661	International_Convention	MISC	15	3	164	1	8	3	24	29	0.985276743179	0.657494049499
31648	International_Convention	MISC	23	3	164	1	9	3	24	29	0.985276743179	0.739680805686
31008	International_Convention	MISC	4	3	164	1	8	3	24	29	0.985276743179	0.657494049499
31479	London_Thames	MISC	1	1	164	1	3	1	24	29	1.4623979979	0.246560268562
31648	Whale_Sanctuary	MISC	4	1	164	1	9	1	24	29	1.4623979979	0.739680805686
12184	South_Korean	MISC	1	1	164	1	2	1	24	29	1.4623979979	0.164373512375
120875	Philippine	MISC	1	2	164	2	15	1	24	29	2.9247959958	1.23280134281
120875	Philippine	MISC	50	2	164	2	15	1	24	29	2.9247959958	1.23280134281
8453	European	MISC	8	1	164	1	14	1	24	29	1.4623979979	1.15061458662
87842	CITES	MISC	9	1	164	1	12	1	24	29	1.4623979979	0.986241074248
31462	Natural_History_Museum	MISC	6	2	164	1	1	2	24	29	1.16136800223	0.0821867561874
120875	Natural_History_Museum	MISC	93	2	164	1	15	2	24	29	1.16136800223	1.23280134281
29729	PR	MISC	28	1	164	1	14	1	24	29	1.4623979979	1.15061458662
8453	Indonesian	MISC	8	7	164	5	14	2	24	29	5.80684001117	1.15061458662
8453	Indonesian	MISC	5	7	164	5	14	2	24	29	5.80684001117	1.15061458662
8453	Indonesian	MISC	1	7	164	5	14	2	24	29	5.80684001117	1.15061458662
8453	Indonesian	MISC	4	7	164	5	14	2	24	29	5.80684001117	1.15061458662
8453	Indonesian	MISC	16	7	164	5	14	2	24	29	5.80684001117	1.15061458662
30046	Indonesian	MISC	1	7	164	2	4	2	24	29	2.32273600447	0.328747024749
30046	Indonesian	MISC	11	7	164	2	4	2	24	29	2.32273600447	0.328747024749
120875	Pilar	MISC	3	4	164	4	15	1	24	29	5.8495919916	1.23280134281
58447	Server	MISC	1	1	164	1	4	1	24	29	1.4623979979	0.328747024749
32104	Scoop_Independent	MISC	8	1	164	1	11	1	24	29	1.4623979979	0.904054318061
8453	Navy	MISC	18	1	164	1	14	1	24	29	1.4623979979	1.15061458662
8453	Operation_Clearwater	MISC	3	1	164	1	14	1	24	29	1.4623979979	1.15061458662
58447	Cypriot	MISC	1	1	164	1	4	1	24	29	1.4623979979	0.328747024749
120875	Bataan_Peninsula	MISC	1	1	164	1	15	1	24	29	1.4623979979	1.23280134281
31008	U.S.A	MISC	1	1	164	1	8	1	24	29	1.4623979979	0.657494049499
18187	Houston-based	MISC	5	1	164	1	2	1	24	29	1.4623979979	0.164373512375
120875	Filipino	MISC	97	1	164	1	15	1	24	29	1.4623979979	1.23280134281
31008	Humpback	MISC	6	1	164	1	8	1	24	29	1.4623979979	0.657494049499
120875	Peponocephala	MISC	99	1	164	1	15	1	24	29	1.4623979979	1.23280134281
120875	Subic_Freeport	MISC	43	3	164	3	15	1	24	29	4.3871939937	1.23280134281
120875	Subic_Freeport	MISC	21	3	164	3	15	1	24	29	4.3871939937	1.23280134281
120875	Subic_Freeport	MISC	37	3	164	3	15	1	24	29	4.3871939937	1.23280134281
25940	Australian_Antarctic_Territorial	MISC	18	1	164	1	16	1	24	29	1.4623979979	1.314988099
31550	GMT	MISC	1	1	164	1	3	1	24	29	1.4623979979	0.246560268562
48098	French_Navy	MISC	4	1	164	1	1	1	24	29	1.4623979979	0.0821867561874
120875	Tet	MISC	78	1	164	1	15	1	24	29	1.4623979979	1.23280134281
25940	International_Law_of_the_Sea	MISC	26	1	164	1	16	1	24	29	1.4623979979	1.314988099
31648	ICR	MISC	24	2	164	2	9	1	24	29	2.9247959958	0.739680805686
8453	Asian	MISC	5	1	164	1	14	1	24	29	1.4623979979	1.15061458662
31008	Canada	LOCATION	1	4	299	1	9	3	29	29	0.985276743179	0.0
32104	Canada	LOCATION	14	4	299	2	9	3	29	29	1.97055348636	0.0
32104	Canada	LOCATION	7	4	299	2	9	3	29	29	1.97055348636	0.0
28661	Canada	LOCATION	22	4	299	1	29	3	29	29	0.985276743179	0.0
120875	Balanga	LOCATION	42	1	299	1	58	1	29	29	1.4623979979	0.0
139305	Gravesend	LOCATION	7	1	299	1	9	1	29	29	1.4623979979	0.0
29729	Christmas_Eve	LOCATION	2	2	299	2	11	1	29	29	2.9247959958	0.0
29729	Christmas_Eve	LOCATION	14	2	299	2	11	1	29	29	2.9247959958	0.0
18187	Chesapeake_Bay	LOCATION	9	3	299	3	18	1	29	29	4.3871939937	0.0
18187	Chesapeake_Bay	LOCATION	26	3	299	3	18	1	29	29	4.3871939937	0.0
18187	Chesapeake_Bay	LOCATION	1	3	299	3	18	1	29	29	4.3871939937	0.0
120875	Abucay	LOCATION	21	3	299	3	58	1	29	29	4.3871939937	0.0
120875	Abucay	LOCATION	70	3	299	3	58	1	29	29	4.3871939937	0.0
31392	Albert_Bridge	LOCATION	2	1	299	1	5	1	29	29	1.4623979979	0.0
18187	Maryland	LOCATION	23	1	299	1	18	1	29	29	1.4623979979	0.0
28661	Norway	LOCATION	22	7	299	1	29	3	29	29	0.985276743179	0.0
8496	Norway	LOCATION	10	7	299	5	7	3	29	29	4.9263837159	0.0
8496	Norway	LOCATION	9	7	299	5	7	3	29	29	4.9263837159	0.0
8496	Norway	LOCATION	7	7	299	5	7	3	29	29	4.9263837159	0.0
8496	Norway	LOCATION	6	7	299	5	7	3	29	29	4.9263837159	0.0
8496	Norway	LOCATION	1	7	299	5	7	3	29	29	4.9263837159	0.0
43426	Norway	LOCATION	8	7	299	1	15	3	29	29	0.985276743179	0.0
31648	Fin	LOCATION	4	1	299	1	14	1	29	29	1.4623979979	0.0
139305	Denton_Wharf	LOCATION	7	1	299	1	9	1	29	29	1.4623979979	0.0
139305	Tilbury	LOCATION	4	1	299	1	9	1	29	29	1.4623979979	0.0
18187	Reedville	LOCATION	8	1	299	1	18	1	29	29	1.4623979979	0.0
32104	Cape_Town	LOCATION	4	2	299	1	9	2	29	29	1.16136800223	0.0
31648	Cape_Town	LOCATION	2	2	299	1	14	2	29	29	1.16136800223	0.0
8453	Clearwater	LOCATION	14	1	299	1	5	1	29	29	1.4623979979	0.0
31648	Minke	LOCATION	4	3	299	1	14	3	29	29	0.985276743179	0.0
43426	Minke	LOCATION	7	3	299	1	15	3	29	29	0.985276743179	0.0
120875	Manila	LOCATION	2	1	299	1	58	1	29	29	1.4623979979	0.0
120875	Dagupan_City	LOCATION	44	1	299	1	58	1	29	29	1.4623979979	0.0
30046	Australia	LOCATION	2	20	299	1	6	12	29	29	0.383216751851	0.0
31008	Australia	LOCATION	1	20	299	1	9	12	29	29	0.383216751851	0.0
28687	Australia	LOCATION	5	20	299	1	4	12	29	29	0.383216751851	0.0
101383	Australia	LOCATION	24	20	299	4	19	12	29	29	1.53286700741	0.0
101383	Australia	LOCATION	21	20	299	4	19	12	29	29	1.53286700741	0.0
101383	Australia	LOCATION	23	20	299	4	19	12	29	29	1.53286700741	0.0
101383	Australia	LOCATION	15	20	299	4	19	12	29	29	1.53286700741	0.0
32104	Australia	LOCATION	4	20	299	1	9	12	29	29	0.383216751851	0.0
29729	Australia	LOCATION	24	20	299	1	11	12	29	29	0.383216751851	0.0
28661	Australia	LOCATION	22	20	299	2	29	12	29	29	0.766433503703	0.0
28661	Australia	LOCATION	2	20	299	2	29	12	29	29	0.766433503703	0.0
84170	Australia	LOCATION	1	20	299	1	8	12	29	29	0.383216751851	0.0
12184	Australia	LOCATION	3	20	299	1	7	12	29	29	0.383216751851	0.0
120875	Australia	LOCATION	25	20	299	1	58	12	29	29	0.383216751851	0.0
87842	Australia	LOCATION	5	20	299	5	15	12	29	29	1.91608375926	0.0
87842	Australia	LOCATION	7	20	299	5	15	12	29	29	1.91608375926	0.0
87842	Australia	LOCATION	11	20	299	5	15	12	29	29	1.91608375926	0.0
87842	Australia	LOCATION	1	20	299	5	15	12	29	29	1.91608375926	0.0
87842	Australia	LOCATION	6	20	299	5	15	12	29	29	1.91608375926	0.0
123451	Australia	LOCATION	1	20	299	1	1	12	29	29	0.383216751851	0.0
120875	Los_Ba√±os	LOCATION	40	1	299	1	58	1	29	29	1.4623979979	0.0
25940	Shimonoseki	LOCATION	2	1	299	1	16	1	29	29	1.4623979979	0.0
28661	Denmark	LOCATION	22	1	299	1	29	1	29	29	1.4623979979	0.0
120875	Philippines	LOCATION	96	5	299	5	58	1	29	29	7.31198998949	0.0
120875	Philippines	LOCATION	40	5	299	5	58	1	29	29	7.31198998949	0.0
120875	Philippines	LOCATION	75	5	299	5	58	1	29	29	7.31198998949	0.0
120875	Philippines	LOCATION	107	5	299	5	58	1	29	29	7.31198998949	0.0
120875	Philippines	LOCATION	22	5	299	5	58	1	29	29	7.31198998949	0.0
120875	Lubag	LOCATION	77	1	299	1	58	1	29	29	1.4623979979	0.0
120875	Subic	LOCATION	29	1	299	1	58	1	29	29	1.4623979979	0.0
18187	New_Jersey	LOCATION	23	1	299	1	18	1	29	29	1.4623979979	0.0
120875	Venturina	LOCATION	35	1	299	1	58	1	29	29	1.4623979979	0.0
149645	South_Island	LOCATION	3	1	299	1	7	1	29	29	1.4623979979	0.0
7290	Geographe_Bay	LOCATION	1	1	299	1	5	1	29	29	1.4623979979	0.0
120875	Whale	LOCATION	83	1	299	1	58	1	29	29	1.4623979979	0.0
28661	UK	LOCATION	22	2	299	1	29	2	29	29	1.16136800223	0.0
31392	UK	LOCATION	1	2	299	1	5	2	29	29	1.16136800223	0.0
18187	Chesapeake	LOCATION	17	1	299	1	18	1	29	29	1.4623979979	0.0
120875	Garcia	LOCATION	78	5	299	5	58	1	29	29	7.31198998949	0.0
84170	Taiji	LOCATION	1	2	299	2	8	1	29	29	2.9247959958	0.0
84170	Taiji	LOCATION	4	2	299	2	8	1	29	29	2.9247959958	0.0
88610	Mexico	LOCATION	12	1	299	1	7	1	29	29	1.4623979979	0.0
31550	River_Thames	LOCATION	2	2	299	1	2	2	29	29	1.16136800223	0.0
120875	Mindanao	LOCATION	86	1	299	1	58	1	29	29	1.4623979979	0.0
30046	Perth	LOCATION	11	2	299	1	6	2	29	29	1.16136800223	0.0
7290	Perth	LOCATION	1	2	299	1	5	2	29	29	1.16136800223	0.0
12184	Ulsan	LOCATION	1	1	299	1	7	1	29	29	1.4623979979	0.0
25940	Fauna	LOCATION	17	1	299	1	16	1	29	29	1.4623979979	0.0
28661	Ghana	LOCATION	22	1	299	1	29	1	29	29	1.4623979979	0.0
48098	Spain	LOCATION	4	2	299	1	1	2	29	29	1.16136800223	0.0
28661	Spain	LOCATION	22	2	299	1	29	2	29	29	1.16136800223	0.0
120875	Talisay_River	LOCATION	43	1	299	1	58	1	29	29	1.4623979979	0.0
120875	Ocean_Adventure	LOCATION	43	3	299	3	58	1	29	29	4.3871939937	0.0
28661	India	LOCATION	22	1	299	1	29	1	29	29	1.4623979979	0.0
120875	Bataan	LOCATION	30	7	299	7	58	1	29	29	10.2367859853	0.0
120875	Bataan	LOCATION	3	7	299	7	58	1	29	29	10.2367859853	0.0
120875	Bataan	LOCATION	21	7	299	7	58	1	29	29	10.2367859853	0.0
120875	Bataan	LOCATION	73	7	299	7	58	1	29	29	10.2367859853	0.0
120875	Bataan	LOCATION	53	7	299	7	58	1	29	29	10.2367859853	0.0
120875	Bataan	LOCATION	21	7	299	7	58	1	29	29	10.2367859853	0.0
120875	Bataan	LOCATION	42	7	299	7	58	1	29	29	10.2367859853	0.0
43426	China	LOCATION	2	2	299	1	15	2	29	29	1.16136800223	0.0
120875	China	LOCATION	75	2	299	1	58	2	29	29	1.16136800223	0.0
28661	Tasmania	LOCATION	2	1	299	1	29	1	29	29	1.4623979979	0.0
120875	Indonesia	LOCATION	86	3	299	1	58	2	29	29	1.16136800223	0.0
8453	Indonesia	LOCATION	13	3	299	2	5	2	29	29	2.32273600447	0.0
8453	Indonesia	LOCATION	12	3	299	2	5	2	29	29	2.32273600447	0.0
120875	Davao_City	LOCATION	86	1	299	1	58	1	29	29	1.4623979979	0.0
120875	Manila_Bay	LOCATION	1	4	299	4	58	1	29	29	5.8495919916	0.0
120875	Manila_Bay	LOCATION	59	4	299	4	58	1	29	29	5.8495919916	0.0
120875	Manila_Bay	LOCATION	84	4	299	4	58	1	29	29	5.8495919916	0.0
58447	North_Sea	LOCATION	1	1	299	1	2	1	29	29	1.4623979979	0.0
31462	Thames	LOCATION	1	5	299	1	2	3	29	29	0.985276743179	0.0
31479	Thames	LOCATION	15	5	299	2	1	3	29	29	1.97055348636	0.0
58447	Bergen	LOCATION	1	1	299	1	2	1	29	29	1.4623979979	0.0
12184	Nauru	LOCATION	4	1	299	1	7	1	29	29	1.4623979979	0.0
8496	Iceland	LOCATION	8	3	299	1	7	2	29	29	1.16136800223	0.0
43426	Iceland	LOCATION	11	3	299	2	15	2	29	29	2.32273600447	0.0
43426	Iceland	LOCATION	7	3	299	2	15	2	29	29	2.32273600447	0.0
18187	Virginia	LOCATION	8	2	299	2	18	1	29	29	2.9247959958	0.0
18187	Virginia	LOCATION	24	2	299	2	18	1	29	29	2.9247959958	0.0
31008	Germany	LOCATION	1	1	299	1	9	1	29	29	1.4623979979	0.0
18187	Omega	LOCATION	7	9	299	9	18	1	29	29	13.1615819811	0.0
18187	Omega	LOCATION	8	9	299	9	18	1	29	29	13.1615819811	0.0
120875	Hawaii	LOCATION	107	2	299	2	58	1	29	29	2.9247959958	0.0
120875	Hawaii	LOCATION	109	2	299	2	58	1	29	29	2.9247959958	0.0
18187	Atlantic_Menhaden	LOCATION	15	2	299	2	18	1	29	29	2.9247959958	0.0
101383	Antarctica	LOCATION	1	7	299	1	19	6	29	29	0.684246747515	0.0
29729	Antarctica	LOCATION	21	7	299	2	11	6	29	29	1.36849349503	0.0
29729	Antarctica	LOCATION	4	7	299	2	11	6	29	29	1.36849349503	0.0
25940	Antarctica	LOCATION	1	7	299	1	16	6	29	29	0.684246747515	0.0
31648	Antarctica	LOCATION	1	7	299	1	14	6	29	29	0.684246747515	0.0
149645	Antarctica	LOCATION	12	7	299	1	7	6	29	29	0.684246747515	0.0
87842	Antarctica	LOCATION	1	7	299	1	15	6	29	29	0.684246747515	0.0
120875	Balanga_City	LOCATION	21	1	299	1	58	1	29	29	1.4623979979	0.0
8453	Gove	LOCATION	2	1	299	1	5	1	29	29	1.4623979979	0.0
120875	Earth	LOCATION	93	1	299	1	58	1	29	29	1.4623979979	0.0
30046	WA	LOCATION	1	1	299	1	6	1	29	29	1.4623979979	0.0
25940	JAPRA_II	LOCATION	21	1	299	1	16	1	29	29	1.4623979979	0.0
139305	Kent	LOCATION	7	1	299	1	9	1	29	29	1.4623979979	0.0
28661	Netherlands	LOCATION	22	1	299	1	29	1	29	29	1.4623979979	0.0
32104	United_States	LOCATION	13	7	299	1	9	5	29	29	0.763427993563	0.0
84170	United_States	LOCATION	1	7	299	1	8	5	29	29	0.763427993563	0.0
120875	United_States	LOCATION	108	7	299	2	58	5	29	29	1.52685598713	0.0
120875	United_States	LOCATION	110	7	299	2	58	5	29	29	1.52685598713	0.0
18187	United_States	LOCATION	5	7	299	1	18	5	29	29	0.763427993563	0.0
87842	United_States	LOCATION	10	7	299	2	15	5	29	29	1.52685598713	0.0
87842	United_States	LOCATION	5	7	299	2	15	5	29	29	1.52685598713	0.0
101383	Watsons	LOCATION	7	1	299	1	19	1	29	29	1.4623979979	0.0
28661	France	LOCATION	22	1	299	1	29	1	29	29	1.4623979979	0.0
120875	Hermosa	LOCATION	70	2	299	2	58	1	29	29	2.9247959958	0.0
120875	Hermosa	LOCATION	69	2	299	2	58	1	29	29	2.9247959958	0.0
32104	SAMSA	LOCATION	7	4	299	4	9	1	29	29	5.8495919916	0.0
120875	Bolinao	LOCATION	77	1	299	1	58	1	29	29	1.4623979979	0.0
18187	U.S.	LOCATION	8	1	299	1	18	1	29	29	1.4623979979	0.0
120875	Pilar	LOCATION	2	4	299	4	58	1	29	29	5.8495919916	0.0
120875	Pilar	LOCATION	73	4	299	4	58	1	29	29	5.8495919916	0.0
120875	Pilar	LOCATION	77	4	299	4	58	1	29	29	5.8495919916	0.0
88610	Florida	LOCATION	10	2	299	2	7	1	29	29	2.9247959958	0.0
88610	Florida	LOCATION	1	2	299	2	7	1	29	29	2.9247959958	0.0
120875	Papua_Island	LOCATION	86	1	299	1	58	1	29	29	1.4623979979	0.0
28661	Ireland	LOCATION	22	2	299	1	29	2	29	29	1.16136800223	0.0
120875	Ireland	LOCATION	107	2	299	1	58	2	29	29	1.16136800223	0.0
101383	Tokyo	LOCATION	12	6	299	2	19	3	29	29	1.97055348636	0.0
101383	Tokyo	LOCATION	8	6	299	2	19	3	29	29	1.97055348636	0.0
163255	Tokyo	LOCATION	3	6	299	1	7	3	29	29	0.985276743179	0.0
87842	Tokyo	LOCATION	8	6	299	3	15	3	29	29	2.95583022954	0.0
87842	Tokyo	LOCATION	12	6	299	3	15	3	29	29	2.95583022954	0.0
87842	Tokyo	LOCATION	7	6	299	3	15	3	29	29	2.95583022954	0.0
43426	Stockholm	LOCATION	13	1	299	1	15	1	29	29	1.4623979979	0.0
149645	Port_Levy	LOCATION	3	2	299	2	7	1	29	29	2.9247959958	0.0
149645	Port_Levy	LOCATION	6	2	299	2	7	1	29	29	2.9247959958	0.0
120875	Taiwan	LOCATION	75	1	299	1	58	1	29	29	1.4623979979	0.0
28661	Italy	LOCATION	22	1	299	1	29	1	29	29	1.4623979979	0.0
139305	England	LOCATION	1	1	299	1	9	1	29	29	1.4623979979	0.0
88610	St._Petersburg	LOCATION	3	1	299	1	7	1	29	29	1.4623979979	0.0
30046	Kimberley	LOCATION	3	1	299	1	6	1	29	29	1.4623979979	0.0
101383	Kevlar	LOCATION	7	1	299	1	19	1	29	29	1.4623979979	0.0
120875	Corregidor_Island	LOCATION	3	1	299	1	58	1	29	29	1.4623979979	0.0
139305	Dartford_Bridge	LOCATION	6	1	299	1	9	1	29	29	1.4623979979	0.0
120875	Atienza	LOCATION	80	1	299	1	58	1	29	29	1.4623979979	0.0
28661	Argentina	LOCATION	22	1	299	1	29	1	29	29	1.4623979979	0.0
7290	Busselton	LOCATION	1	1	299	1	5	1	29	29	1.4623979979	0.0
31392	Southend	LOCATION	5	1	299	1	5	1	29	29	1.4623979979	0.0
120875	Mariveles	LOCATION	69	1	299	1	58	1	29	29	1.4623979979	0.0
31392	Central_London	LOCATION	1	1	299	1	5	1	29	29	1.4623979979	0.0
149645	Christchurch	LOCATION	1	1	299	1	7	1	29	29	1.4623979979	0.0
18187	Alexandria	LOCATION	24	1	299	1	18	1	29	29	1.4623979979	0.0
31550	London	LOCATION	1	4	299	1	2	3	29	29	0.985276743179	0.0
31462	London	LOCATION	1	4	299	1	2	3	29	29	0.985276743179	0.0
139305	London	LOCATION	4	4	299	2	9	3	29	29	1.97055348636	0.0
139305	London	LOCATION	1	4	299	2	9	3	29	29	1.97055348636	0.0
120875	Cebu	LOCATION	107	1	299	1	58	1	29	29	1.4623979979	0.0
88610	Gulf	LOCATION	12	1	299	1	7	1	29	29	1.4623979979	0.0
120875	Tortugas	LOCATION	42	1	299	1	58	1	29	29	1.4623979979	0.0
7290	Cape_Naturalist	LOCATION	5	1	299	1	5	1	29	29	1.4623979979	0.0
12184	Togo	LOCATION	4	1	299	1	7	1	29	29	1.4623979979	0.0
28661	Sweden	LOCATION	22	1	299	1	29	1	29	29	1.4623979979	0.0
28661	Russia	LOCATION	22	1	299	1	29	1	29	29	1.4623979979	0.0
28661	Austria	LOCATION	22	1	299	1	29	1	29	29	1.4623979979	0.0
31008	Japan	LOCATION	6	60	299	4	9	15	29	29	1.14522695537	0.0
31008	Japan	LOCATION	5	60	299	4	9	15	29	29	1.14522695537	0.0
31008	Japan	LOCATION	1	60	299	4	9	15	29	29	1.14522695537	0.0
31008	Japan	LOCATION	4	60	299	4	9	15	29	29	1.14522695537	0.0
28687	Japan	LOCATION	9	60	299	1	4	15	29	29	0.286306738843	0.0
101383	Japan	LOCATION	25	60	299	6	19	15	29	29	1.71784043306	0.0
101383	Japan	LOCATION	9	60	299	6	19	15	29	29	1.71784043306	0.0
101383	Japan	LOCATION	17	60	299	6	19	15	29	29	1.71784043306	0.0
101383	Japan	LOCATION	22	60	299	6	19	15	29	29	1.71784043306	0.0
101383	Japan	LOCATION	24	60	299	6	19	15	29	29	1.71784043306	0.0
101383	Japan	LOCATION	13	60	299	6	19	15	29	29	1.71784043306	0.0
32104	Japan	LOCATION	15	60	299	1	9	15	29	29	0.286306738843	0.0
29729	Japan	LOCATION	21	60	299	2	11	15	29	29	0.572613477687	0.0
29729	Japan	LOCATION	27	60	299	2	11	15	29	29	0.572613477687	0.0
28661	Japan	LOCATION	15	60	299	8	29	15	29	29	2.29045391075	0.0
28661	Japan	LOCATION	22	60	299	8	29	15	29	29	2.29045391075	0.0
28661	Japan	LOCATION	6	60	299	8	29	15	29	29	2.29045391075	0.0
28661	Japan	LOCATION	4	60	299	8	29	15	29	29	2.29045391075	0.0
28661	Japan	LOCATION	23	60	299	8	29	15	29	29	2.29045391075	0.0
28661	Japan	LOCATION	14	60	299	8	29	15	29	29	2.29045391075	0.0
28661	Japan	LOCATION	1	60	299	8	29	15	29	29	2.29045391075	0.0
28661	Japan	LOCATION	15	60	299	8	29	15	29	29	2.29045391075	0.0
84170	Japan	LOCATION	11	60	299	4	8	15	29	29	1.14522695537	0.0
84170	Japan	LOCATION	8	60	299	4	8	15	29	29	1.14522695537	0.0
84170	Japan	LOCATION	1	60	299	4	8	15	29	29	1.14522695537	0.0
84170	Japan	LOCATION	10	60	299	4	8	15	29	29	1.14522695537	0.0
25940	Japan	LOCATION	27	60	299	11	16	15	29	29	3.14937412728	0.0
25940	Japan	LOCATION	29	60	299	11	16	15	29	29	3.14937412728	0.0
25940	Japan	LOCATION	4	60	299	11	16	15	29	29	3.14937412728	0.0
25940	Japan	LOCATION	5	60	299	11	16	15	29	29	3.14937412728	0.0
25940	Japan	LOCATION	20	60	299	11	16	15	29	29	3.14937412728	0.0
25940	Japan	LOCATION	28	60	299	11	16	15	29	29	3.14937412728	0.0
25940	Japan	LOCATION	26	60	299	11	16	15	29	29	3.14937412728	0.0
25940	Japan	LOCATION	2	60	299	11	16	15	29	29	3.14937412728	0.0
25940	Japan	LOCATION	21	60	299	11	16	15	29	29	3.14937412728	0.0
25940	Japan	LOCATION	2	60	299	11	16	15	29	29	3.14937412728	0.0
25940	Japan	LOCATION	21	60	299	11	16	15	29	29	3.14937412728	0.0
12184	Japan	LOCATION	3	60	299	2	7	15	29	29	0.572613477687	0.0
12184	Japan	LOCATION	5	60	299	2	7	15	29	29	0.572613477687	0.0
31648	Japan	LOCATION	22	60	299	7	14	15	29	29	2.0041471719	0.0
31648	Japan	LOCATION	12	60	299	7	14	15	29	29	2.0041471719	0.0
31648	Japan	LOCATION	16	60	299	7	14	15	29	29	2.0041471719	0.0
31648	Japan	LOCATION	4	60	299	7	14	15	29	29	2.0041471719	0.0
31648	Japan	LOCATION	21	60	299	7	14	15	29	29	2.0041471719	0.0
31648	Japan	LOCATION	11	60	299	7	14	15	29	29	2.0041471719	0.0
31648	Japan	LOCATION	23	60	299	7	14	15	29	29	2.0041471719	0.0
8496	Japan	LOCATION	8	60	299	1	7	15	29	29	0.286306738843	0.0
43426	Japan	LOCATION	11	60	299	6	15	15	29	29	1.71784043306	0.0
43426	Japan	LOCATION	21	60	299	6	15	15	29	29	1.71784043306	0.0
43426	Japan	LOCATION	7	60	299	6	15	15	29	29	1.71784043306	0.0
43426	Japan	LOCATION	22	60	299	6	15	15	29	29	1.71784043306	0.0
43426	Japan	LOCATION	3	60	299	6	15	15	29	29	1.71784043306	0.0
43426	Japan	LOCATION	23	60	299	6	15	15	29	29	1.71784043306	0.0
120875	Japan	LOCATION	75	60	299	1	58	15	29	29	0.286306738843	0.0
163255	Japan	LOCATION	3	60	299	3	7	15	29	29	0.85892021653	0.0
163255	Japan	LOCATION	5	60	299	3	7	15	29	29	0.85892021653	0.0
163255	Japan	LOCATION	4	60	299	3	7	15	29	29	0.85892021653	0.0
87842	Japan	LOCATION	12	60	299	3	15	15	29	29	0.85892021653	0.0
87842	Japan	LOCATION	5	60	299	3	15	15	29	29	0.85892021653	0.0
87842	Japan	LOCATION	1	60	299	3	15	15	29	29	0.85892021653	0.0
31392	North_Atlantic	LOCATION	5	1	299	1	5	1	29	29	1.4623979979	0.0
28687	Hobart	LOCATION	1	1	299	1	4	1	29	29	1.4623979979	0.0
31008	Southern_Ocean	LOCATION	2	19	299	1	9	10	29	29	0.462397997899	0.0
28687	Southern_Ocean	LOCATION	9	19	299	1	4	10	29	29	0.462397997899	0.0
101383	Southern_Ocean	LOCATION	12	19	299	3	19	10	29	29	1.3871939937	0.0
101383	Southern_Ocean	LOCATION	14	19	299	3	19	10	29	29	1.3871939937	0.0
101383	Southern_Ocean	LOCATION	22	19	299	3	19	10	29	29	1.3871939937	0.0
32104	Southern_Ocean	LOCATION	1	19	299	1	9	10	29	29	0.462397997899	0.0
29729	Southern_Ocean	LOCATION	34	19	299	4	11	10	29	29	1.8495919916	0.0
29729	Southern_Ocean	LOCATION	1	19	299	4	11	10	29	29	1.8495919916	0.0
29729	Southern_Ocean	LOCATION	23	19	299	4	11	10	29	29	1.8495919916	0.0
29729	Southern_Ocean	LOCATION	15	19	299	4	11	10	29	29	1.8495919916	0.0
28661	Southern_Ocean	LOCATION	1	19	299	1	29	10	29	29	0.462397997899	0.0
25940	Southern_Ocean	LOCATION	15	19	299	1	16	10	29	29	0.462397997899	0.0
31648	Southern_Ocean	LOCATION	9	19	299	4	14	10	29	29	1.8495919916	0.0
31648	Southern_Ocean	LOCATION	13	19	299	4	14	10	29	29	1.8495919916	0.0
31648	Southern_Ocean	LOCATION	8	19	299	4	14	10	29	29	1.8495919916	0.0
43426	Southern_Ocean	LOCATION	5	19	299	2	15	10	29	29	0.924795995798	0.0
43426	Southern_Ocean	LOCATION	18	19	299	2	15	10	29	29	0.924795995798	0.0
163255	Southern_Ocean	LOCATION	1	19	299	1	7	10	29	29	0.462397997899	0.0
120875	Chatham_Islands	LOCATION	95	1	299	1	58	1	29	29	1.4623979979	0.0
18187	East_Coast	LOCATION	6	1	299	1	18	1	29	29	1.4623979979	0.0
139305	Northfleet	LOCATION	4	1	299	1	9	1	29	29	1.4623979979	0.0
28661	USA	LOCATION	22	1	299	1	29	1	29	29	1.4623979979	0.0
12184	The_Gambia	LOCATION	4	1	299	1	7	1	29	29	1.4623979979	0.0
31008	New_Zealand	LOCATION	1	11	299	1	9	8	29	29	0.559308010907	0.0
101383	New_Zealand	LOCATION	23	11	299	1	19	8	29	29	0.559308010907	0.0
28661	New_Zealand	LOCATION	22	11	299	1	29	8	29	29	0.559308010907	0.0
43426	New_Zealand	LOCATION	11	11	299	1	15	8	29	29	0.559308010907	0.0
120875	New_Zealand	LOCATION	95	11	299	2	58	8	29	29	1.11861602181	0.0
120875	New_Zealand	LOCATION	95	11	299	2	58	8	29	29	1.11861602181	0.0
149645	New_Zealand	LOCATION	12	11	299	2	7	8	29	29	1.11861602181	0.0
149645	New_Zealand	LOCATION	1	11	299	2	7	8	29	29	1.11861602181	0.0
163255	New_Zealand	LOCATION	8	11	299	2	7	8	29	29	1.11861602181	0.0
163255	New_Zealand	LOCATION	2	11	299	2	7	8	29	29	1.11861602181	0.0
87842	New_Zealand	LOCATION	5	11	299	1	15	8	29	29	0.559308010907	0.0
30046	Broome	LOCATION	1	1	299	1	6	1	29	29	1.4623979979	0.0
8453	Darwin	LOCATION	2	1	299	1	5	1	29	29	1.4623979979	0.0
30046	Western_Australia	LOCATION	17	3	299	2	6	2	29	29	2.32273600447	0.0
7290	Western_Australia	LOCATION	1	3	299	1	5	2	29	29	1.16136800223	0.0
18187	Atlantic	LOCATION	25	2	299	2	18	1	29	29	2.9247959958	0.0
18187	Atlantic	LOCATION	20	2	299	2	18	1	29	29	2.9247959958	0.0
120875	Laguna	LOCATION	40	1	299	1	58	1	29	29	1.4623979979	0.0
32104	Melbourne	LOCATION	4	1	299	1	9	1	29	29	1.4623979979	0.0
88610	Sperm	LOCATION	9	2	299	2	7	1	29	29	2.9247959958	0.0
88610	Sperm	LOCATION	1	2	299	2	7	1	29	29	2.9247959958	0.0
28661	Rattenbury	PERSON	18	1	144	1	5	1	23	29	1.4623979979	0.503350809407
31648	Pia_Mancia	PERSON	6	1	144	1	6	1	23	29	1.4623979979	0.604020971288
31479	Mark_Stevens	PERSON	11	1	144	1	1	1	23	29	1.4623979979	0.100670161881
31648	Farley_Mowat	PERSON	3	7	144	1	6	3	23	29	0.985276743179	0.604020971288
29729	Farley_Mowat	PERSON	32	7	144	3	16	3	23	29	2.95583022954	1.6107225901
29729	Farley_Mowat	PERSON	22	7	144	3	16	3	23	29	2.95583022954	1.6107225901
29729	Farley_Mowat	PERSON	33	7	144	3	16	3	23	29	2.95583022954	1.6107225901
32104	Farley_Mowat	PERSON	11	7	144	3	7	3	23	29	2.95583022954	0.70469113317
32104	Farley_Mowat	PERSON	1	7	144	3	7	3	23	29	2.95583022954	0.70469113317
32104	Farley_Mowat	PERSON	4	7	144	3	7	3	23	29	2.95583022954	0.70469113317
87842	Steve_Shallhorn	PERSON	7	3	144	1	2	3	23	29	0.985276743179	0.201340323763
28687	Steve_Shallhorn	PERSON	5	3	144	1	3	3	23	29	0.985276743179	0.302010485644
29729	Steve_Shallhorn	PERSON	6	3	144	1	16	3	23	29	0.985276743179	1.6107225901
31462	Thames_Whale	PERSON	2	1	144	1	4	1	23	29	1.4623979979	0.402680647525
31648	Shane_Rattenbury	PERSON	18	4	144	2	6	3	23	29	1.97055348636	0.604020971288
31648	Shane_Rattenbury	PERSON	8	4	144	2	6	3	23	29	1.97055348636	0.604020971288
28661	Shane_Rattenbury	PERSON	8	4	144	1	5	3	23	29	0.985276743179	0.503350809407
29729	Shane_Rattenbury	PERSON	16	4	144	1	16	3	23	29	0.985276743179	1.6107225901
30046	Chris_Mitchell	PERSON	7	1	144	1	2	1	23	29	1.4623979979	0.201340323763
120875	Jose_L._Atienza	PERSON	78	1	144	1	40	1	23	29	1.4623979979	4.02680647525
25940	Don_Rothwell	PERSON	25	1	144	1	5	1	23	29	1.4623979979	0.503350809407
8453	Senator_MacDonald	PERSON	12	2	144	2	6	1	23	29	2.9247959958	0.604020971288
8453	Senator_MacDonald	PERSON	4	2	144	2	6	1	23	29	2.9247959958	0.604020971288
43426	Minoru_Morimoto	PERSON	21	1	144	1	4	1	23	29	1.4623979979	0.402680647525
8453	Macdonald	PERSON	6	1	144	1	6	1	23	29	1.4623979979	0.604020971288
28687	Keiko_Maru	PERSON	1	1	144	1	3	1	23	29	1.4623979979	0.302010485644
120875	Dr_Lim	PERSON	39	1	144	1	40	1	23	29	1.4623979979	4.02680647525
101383	Ralph_Lowe	PERSON	6	1	144	1	19	1	23	29	1.4623979979	1.91273307575
101383	Nobutaka_Machimura	PERSON	18	1	144	1	19	1	23	29	1.4623979979	1.91273307575
120875	Nilo_Ramoso	PERSON	43	1	144	1	40	1	23	29	1.4623979979	4.02680647525
29729	RV_Farley_Mowat	PERSON	14	1	144	1	16	1	23	29	1.4623979979	1.6107225901
120875	Lim	PERSON	41	1	144	1	40	1	23	29	1.4623979979	4.02680647525
8453	Kon_Vatskalis	PERSON	17	1	144	1	6	1	23	29	1.4623979979	0.604020971288
120875	Garcia	PERSON	69	5	144	5	40	1	23	29	7.31198998949	4.02680647525
120875	Garcia	PERSON	72	5	144	5	40	1	23	29	7.31198998949	4.02680647525
120875	Garcia	PERSON	81	5	144	5	40	1	23	29	7.31198998949	4.02680647525
120875	Garcia	PERSON	79	5	144	5	40	1	23	29	7.31198998949	4.02680647525
120875	Joey	PERSON	11	1	144	1	40	1	23	29	1.4623979979	4.02680647525
120875	Luis_Tuazon	PERSON	2	1	144	1	40	1	23	29	1.4623979979	4.02680647525
101383	Sea_Shepherd	PERSON	1	16	144	6	19	5	23	29	4.58056796138	1.91273307575
29729	Sea_Shepherd	PERSON	22	16	144	6	16	5	23	29	4.58056796138	1.6107225901
29729	Sea_Shepherd	PERSON	21	16	144	6	16	5	23	29	4.58056796138	1.6107225901
163255	Sea_Shepherd	PERSON	6	16	144	2	7	5	23	29	1.52685598713	0.70469113317
8453	Mr_Vatskalis	PERSON	18	1	144	1	6	1	23	29	1.4623979979	0.604020971288
139305	River_Thames	PERSON	1	2	144	1	2	2	23	29	1.16136800223	0.201340323763
101383	Smith	PERSON	14	1	144	1	19	1	23	29	1.4623979979	1.91273307575
101383	Glenn_Inwood	PERSON	10	1	144	1	19	1	23	29	1.4623979979	1.91273307575
18187	William_J._Goldsborough	PERSON	26	1	144	1	5	1	23	29	1.4623979979	0.503350809407
120875	James_Cook_University	PERSON	25	1	144	1	40	1	23	29	1.4623979979	4.02680647525
120875	Senator_Zubiri	PERSON	75	1	144	1	40	1	23	29	1.4623979979	4.02680647525
28687	Ian_Campbell	PERSON	7	3	144	1	3	3	23	29	0.985276743179	0.302010485644
29729	Ian_Campbell	PERSON	24	3	144	1	16	3	23	29	0.985276743179	1.6107225901
25940	Ian_Campbell	PERSON	3	3	144	1	5	3	23	29	0.985276743179	0.503350809407
8453	Ian_Macdonald	PERSON	2	1	144	1	6	1	23	29	1.4623979979	0.604020971288
120875	Lemnuel_Aragones	PERSON	21	1	144	1	40	1	23	29	1.4623979979	4.02680647525
29729	Shepherd	PERSON	23	1	144	1	16	1	23	29	1.4623979979	1.6107225901
120875	Juan_Miguel_Zubiri	PERSON	73	1	144	1	40	1	23	29	1.4623979979	4.02680647525
120875	N._The_Melon-headed	PERSON	106	1	144	1	40	1	23	29	1.4623979979	4.02680647525
101383	Ashley_Dunn	PERSON	6	1	144	1	19	1	23	29	1.4623979979	1.91273307575
32104	Alex_Cornelissen	PERSON	10	1	144	1	7	1	23	29	1.4623979979	0.70469113317
120875	Mundita_Lim	PERSON	38	1	144	1	40	1	23	29	1.4623979979	4.02680647525
101383	David_Page	PERSON	7	1	144	1	19	1	23	29	1.4623979979	1.91273307575
120875	Rodolfo_Joson	PERSON	10	1	144	1	40	1	23	29	1.4623979979	4.02680647525
120875	Nelson_Bien	PERSON	37	1	144	1	40	1	23	29	1.4623979979	4.02680647525
43426	Adele	PERSON	13	1	144	1	4	1	23	29	1.4623979979	0.402680647525
120875	Rizza_Salinas	PERSON	50	1	144	1	40	1	23	29	1.4623979979	4.02680647525
31462	Albert	PERSON	3	1	144	1	4	1	23	29	1.4623979979	0.402680647525
18187	Omega	PERSON	23	9	144	9	5	1	23	29	13.1615819811	0.503350809407
120875	Malcolm_Sarmiento_Jr.	PERSON	56	1	144	1	40	1	23	29	1.4623979979	4.02680647525
120875	Erlinton_Olavare	PERSON	77	1	144	1	40	1	23	29	1.4623979979	4.02680647525
25940	Rachel_Siewrt	PERSON	8	1	144	1	5	1	23	29	1.4623979979	0.503350809407
28661	Nissui	PERSON	4	1	144	1	5	1	23	29	1.4623979979	0.503350809407
123451	John_Carter	PERSON	7	1	144	1	1	1	23	29	1.4623979979	0.100670161881
101383	Paul_Watson	PERSON	1	9	144	2	19	4	23	29	1.72067601314	1.91273307575
101383	Paul_Watson	PERSON	10	9	144	2	19	4	23	29	1.72067601314	1.91273307575
29729	Paul_Watson	PERSON	33	9	144	3	16	4	23	29	2.58101401971	1.6107225901
29729	Paul_Watson	PERSON	22	9	144	3	16	4	23	29	2.58101401971	1.6107225901
29729	Paul_Watson	PERSON	34	9	144	3	16	4	23	29	2.58101401971	1.6107225901
32104	Paul_Watson	PERSON	15	9	144	3	7	4	23	29	2.58101401971	0.70469113317
32104	Paul_Watson	PERSON	10	9	144	3	7	4	23	29	2.58101401971	0.70469113317
32104	Paul_Watson	PERSON	2	9	144	3	7	4	23	29	2.58101401971	0.70469113317
163255	Paul_Watson	PERSON	7	9	144	1	7	4	23	29	0.860338006571	0.70469113317
120875	Zubiri	PERSON	74	1	144	1	40	1	23	29	1.4623979979	4.02680647525
163255	Peter_Bethune	PERSON	2	1	144	1	7	1	23	29	1.4623979979	0.70469113317
120875	Mariel_Flores	PERSON	6	1	144	1	40	1	23	29	1.4623979979	4.02680647525
120875	Sarmiento	PERSON	59	4	144	4	40	1	23	29	5.8495919916	4.02680647525
120875	Sarmiento	PERSON	57	4	144	4	40	1	23	29	5.8495919916	4.02680647525
120875	Sarmiento	PERSON	64	4	144	4	40	1	23	29	5.8495919916	4.02680647525
120875	Sarmiento	PERSON	63	4	144	4	40	1	23	29	5.8495919916	4.02680647525
87842	Stephen_Smith	PERSON	13	2	144	1	2	2	23	29	1.16136800223	0.201340323763
101383	Stephen_Smith	PERSON	12	2	144	1	19	2	23	29	1.16136800223	1.91273307575
84170	Hayden_Panettiere	PERSON	3	1	144	1	1	1	23	29	1.4623979979	0.100670161881
43426	Joth_Singh	PERSON	19	1	144	1	4	1	23	29	1.4623979979	0.402680647525
120875	Westly_Rosario	PERSON	44	1	144	1	40	1	23	29	1.4623979979	4.02680647525
25940	Darren_Kindleysides	PERSON	24	1	144	1	5	1	23	29	1.4623979979	0.503350809407
120875	Sta._Cruz	PERSON	77	1	144	1	40	1	23	29	1.4623979979	4.02680647525
18187	Menhaden_Matter	PERSON	16	1	144	1	5	1	23	29	1.4623979979	0.503350809407
120875	Alberto_Venturina	PERSON	32	1	144	1	40	1	23	29	1.4623979979	4.02680647525
88610	Nadine_Slimak	PERSON	8	1	144	1	1	1	23	29	1.4623979979	0.100670161881
120875	Enrique_Garcia_Jr.	PERSON	2	1	144	1	40	1	23	29	1.4623979979	4.02680647525
25940	Campbell	PERSON	8	3	144	1	5	2	23	29	1.16136800223	0.503350809407
149645	Campbell	PERSON	8	3	144	2	5	2	23	29	2.32273600447	0.503350809407
149645	Campbell	PERSON	11	3	144	2	5	2	23	29	2.32273600447	0.503350809407
163255	Bethune	PERSON	7	3	144	3	7	1	23	29	4.3871939937	0.70469113317
163255	Bethune	PERSON	8	3	144	3	7	1	23	29	4.3871939937	0.70469113317
163255	Bethune	PERSON	3	3	144	3	7	1	23	29	4.3871939937	0.70469113317
43426	Mike_Townsley	PERSON	14	1	144	1	4	1	23	29	1.4623979979	0.402680647525
48098	Abeille_Flandre	PERSON	4	1	144	1	1	1	23	29	1.4623979979	0.100670161881
120875	Capt._Williams	PERSON	90	2	144	2	40	1	23	29	2.9247959958	4.02680647525
120875	Capt._Williams	PERSON	88	2	144	2	40	1	23	29	2.9247959958	4.02680647525
7290	Neil_Taylor	PERSON	7	1	144	1	1	1	23	29	1.4623979979	0.100670161881
120875	Bataan_Gov._Enrique	PERSON	78	1	144	1	40	1	23	29	1.4623979979	4.02680647525
139305	Rob_Deaville	PERSON	9	1	144	1	2	1	23	29	1.4623979979	0.201340323763
163255	Ady_Gil	PERSON	2	1	144	1	7	1	23	29	1.4623979979	0.70469113317
120875	Bien	PERSON	42	1	144	1	40	1	23	29	1.4623979979	4.02680647525
120875	Dr_Lemuel_Aragones	PERSON	24	1	144	1	40	1	23	29	1.4623979979	4.02680647525
31648	Mr_Rattenbury	PERSON	10	3	144	1	6	3	23	29	0.985276743179	0.604020971288
28661	Mr_Rattenbury	PERSON	9	3	144	1	5	3	23	29	0.985276743179	0.503350809407
29729	Mr_Rattenbury	PERSON	31	3	144	1	16	3	23	29	0.985276743179	1.6107225901
149645	OK	PERSON	7	1	144	1	5	1	23	29	1.4623979979	0.503350809407
101383	Steve_Irwin	PERSON	2	2	144	2	19	1	23	29	2.9247959958	1.91273307575
101383	Steve_Irwin	PERSON	11	2	144	2	19	1	23	29	2.9247959958	1.91273307575
29729	Mr_Campbell	PERSON	25	1	144	1	16	1	23	29	1.4623979979	1.6107225901
29729	Capt_Watson	PERSON	25	1	144	1	16	1	23	29	1.4623979979	1.6107225901
31648	Hideki_Moronuki	PERSON	12	1	144	1	6	1	23	29	1.4623979979	0.604020971288
120875	Edgardo_Gomez	PERSON	49	1	144	1	40	1	23	29	1.4623979979	4.02680647525
149645	Ted_Haowden	PERSON	9	1	144	1	5	1	23	29	1.4623979979	0.503350809407
18187	Robert_Ehrlich	PERSON	14	1	144	1	5	1	23	29	1.4623979979	0.503350809407
18187	Toby_Gascon	PERSON	7	1	144	1	5	1	23	29	1.4623979979	0.503350809407
149645	Grant_Campbell	PERSON	6	1	144	1	5	1	23	29	1.4623979979	0.503350809407
120875	David_Williams	PERSON	87	1	144	1	40	1	23	29	1.4623979979	4.02680647525
31462	Andrew	PERSON	6	1	144	1	4	1	23	29	1.4623979979	0.402680647525
120875	Dr_Aragones	PERSON	29	2	144	2	40	1	23	29	2.9247959958	4.02680647525
120875	Dr_Aragones	PERSON	25	2	144	2	40	1	23	29	2.9247959958	4.02680647525
101383	Watson	PERSON	8	7	144	7	19	1	23	29	10.2367859853	1.91273307575
101383	Watson	PERSON	17	7	144	7	19	1	23	29	10.2367859853	1.91273307575
101383	Watson	PERSON	2	7	144	7	19	1	23	29	10.2367859853	1.91273307575
101383	Watson	PERSON	3	7	144	7	19	1	23	29	10.2367859853	1.91273307575
101383	Watson	PERSON	15	7	144	7	19	1	23	29	10.2367859853	1.91273307575
101383	Watson	PERSON	4	7	144	7	19	1	23	29	10.2367859853	1.91273307575
101383	Watson	PERSON	16	7	144	7	19	1	23	29	10.2367859853	1.91273307575
31462	Lord_Boyce	PERSON	6	1	144	1	4	1	23	29	1.4623979979	0.402680647525
28661	Yuko_Hirono	PERSON	13	1	144	1	5	1	23	29	1.4623979979	0.503350809407
30046	David_McKenzie	PERSON	16	1	144	1	2	1	23	29	1.4623979979	0.201340323763
